epoch,train_loss,train_acc,train_auc_roc,train_auc_prc,val_loss,val_acc,val_auc_roc,val_auc_prc
1,0.6654911965867859,0.5812692624907757,0.6237302286656484,0.6112798638582533,0.613777976035077,0.6510117867946177,0.7167542624368912,0.6966130292975465
2,0.5811446757740293,0.6869557668099144,0.75651791594336,0.7372188026233857,0.5495026257086113,0.7159956190674872,0.791832467670285,0.7729119290527097
3,0.5390902065643964,0.7241437687198854,0.7999710863339177,0.779060729269979,0.536574894386921,0.7267784499843538,0.8016264110224364,0.7767995497802219
4,0.5173294778529848,0.7399487780526979,0.8186892389974634,0.7987363976825823,0.5088420955757037,0.7471836862417858,0.8279714915729659,0.808998283544719
5,0.5013147499115562,0.7531970308633936,0.8319984856549874,0.8124773896537762,0.494366167315828,0.7615781787837697,0.8386011807575687,0.8201663400349508
6,0.4887226018836506,0.7633676259929678,0.8416708269285549,0.8228965271101538,0.48156690784362133,0.7666240742672369,0.8478078902302302,0.8295731706562737
7,0.4775297825885077,0.7704041324825281,0.8504483282449259,0.8313016420091808,0.47547172924966674,0.7712136226139564,0.8516967618816504,0.8314171209149479
8,0.46921204453117604,0.7763944958110865,0.856037535122563,0.8361763971322258,0.47003490445548457,0.7798451027432982,0.8574382713945552,0.8377175619118364
9,0.45781052542440687,0.7848417762729522,0.8635809178366078,0.8441402488303618,0.4664421517682098,0.7750208615833942,0.8596997295544976,0.8424333716022946
10,0.4513489153017035,0.789603681034857,0.8680740880316514,0.8484565057517408,0.44763871960561863,0.7940831334098258,0.871226633291216,0.8519569800879564
11,0.4423502824564394,0.7953683205278466,0.8734268515638536,0.8537705629168255,0.44967433484140024,0.7885939292792323,0.8696059535873397,0.8513244123288541
12,0.43523828395203584,0.7994313495680861,0.8780905310589804,0.8597230850962005,0.43176965259891414,0.8032361531240221,0.8807801999762399,0.8653496066308151
13,0.42767503375254057,0.8042453444458914,0.8822353838873029,0.8639299868454867,0.43753560420381793,0.7964561385209138,0.877753270818071,0.8595267576783365
14,0.4246748167550382,0.8069800755306681,0.8841958125952654,0.8656757436838798,0.42803604818924856,0.8040445394805465,0.8827838695025378,0.8652304667103814
15,0.4169262302836729,0.8115987324738464,0.8889219421555998,0.8699931802068079,0.421270072432197,0.8104855533534995,0.8878821712277725,0.8687458395644521
16,0.4109994326375935,0.8152059729999566,0.8920462191752169,0.8735728624623091,0.42173872092748266,0.8074867007405863,0.8871776450023936,0.869062258114266
17,0.40438287330128103,0.818943438815818,0.8955916354471078,0.8777938600142244,0.4172287010184117,0.805752581620945,0.8907251637730584,0.8724618725711817
18,0.4013074365533381,0.8210574293527803,0.8972801504111046,0.8794466691574486,0.40818022860343706,0.8151663711275686,0.8952611828434007,0.8788622248356396
19,0.39414384413827347,0.8255762469071494,0.9013979765785132,0.8839736275332883,0.40180641913844234,0.8223636173985606,0.8974505617656443,0.8808226505231105
20,0.3878464201431533,0.829639275947389,0.9043286733308831,0.886729978456307,0.3952903059372703,0.8254798164180661,0.9006186162197516,0.8822371004480213
21,0.3846085246043854,0.8308113035551504,0.9058343039461655,0.8886417783512729,0.38511462014273806,0.8300693647647857,0.906156151299096,0.889944185074913
22,0.38209888102016076,0.8332986065893997,0.9070912090629671,0.8893579112640028,0.38477928714059845,0.8313340982580578,0.9058556162893519,0.8892244099450499
23,0.3748405040663636,0.8370273907192777,0.9105563969012602,0.8935359682956047,0.3810153563234994,0.833394179618233,0.9075163134938268,0.8901288505831955
24,0.3703286881604563,0.8392064939011156,0.9127298314173695,0.8964542183844769,0.37591280539416044,0.8376708042140398,0.910568865385329,0.8941381730699415
25,0.36791182259291666,0.8408212874940313,0.9138804634194813,0.8973468955914203,0.3770478311850354,0.83623657035569,0.9095879713246036,0.8934927551863523
26,0.3639827440012897,0.8428658245431263,0.9157166143032343,0.8994517408040488,0.3698127852859469,0.8397439240638365,0.9133984804565839,0.898307919408222
27,0.36036926877836534,0.8452011980726657,0.917399370004753,0.9009945901097284,0.3676623516247147,0.8422733910503807,0.9145263033487476,0.8994485275125845
28,0.35803723594673226,0.8465685636150541,0.9185548931384303,0.9021273663502379,0.36538312746509344,0.8424559299050798,0.9160303411351962,0.8992158797533956
29,0.3511802087896332,0.8500933281243217,0.9216166705359656,0.9057523081268238,0.35948782718453925,0.847175863148013,0.9183277336826192,0.9030283309683673
30,0.35182653043027623,0.8504232321916916,0.9213125696211664,0.9047456157907658,0.3571581832308385,0.8456373213726922,0.9196540253167185,0.9058491246164846
31,0.34741339253257403,0.8517992794200634,0.9232671207331266,0.9077242448504997,0.3580001696774817,0.8474496714300616,0.9192648419737233,0.9047193967985016
32,0.3443276689981128,0.8541867430655034,0.9241982449898485,0.9084319129968864,0.3519639047042438,0.8508657557108584,0.9224612422565897,0.9086206059726548
33,0.3402598220471909,0.8567348179016365,0.9262625561738237,0.9108680241552213,0.3485884731786025,0.8536168770209659,0.9225633863854111,0.9061986399249822
34,0.33702927794406595,0.8583062030646351,0.9278055613021743,0.9127754180262729,0.34821297544327373,0.8518436424324606,0.9234232691318666,0.9081656074345503
35,0.333077859854219,0.8599774276164431,0.9290587859448844,0.9138493487709047,0.34539936176862884,0.8530040680087618,0.924745710215873,0.9115538427711403
36,0.33026035174047613,0.8617050831271433,0.9302256421515198,0.9153404512168983,0.3424906247572592,0.8560029206216752,0.9258459043486065,0.9111579320109601
37,0.32978292267505827,0.8628206797760125,0.9307828580978916,0.9156006624553373,0.3429898770606293,0.8560550745801606,0.9259572846975845,0.9104348020343772
38,0.32723314610238385,0.8634197161088684,0.9316769816850361,0.9168402771425838,0.33941953152626414,0.8582455408365495,0.927229088922842,0.9128011181027458
39,0.3214431202240369,0.8660459261188522,0.9338848490709317,0.9199513392625426,0.335409795195315,0.8600318139146761,0.9290214259798566,0.9152824538944944
40,0.3202182358227272,0.8666579849806832,0.9341639721152779,0.9201153208694435,0.3342467416740377,0.8615703556899968,0.929581990932403,0.9161759957925782
41,0.3171741592722096,0.8686374093849025,0.9355849531077689,0.9216712729050922,0.33460886040171084,0.8607489308438511,0.9296033139698003,0.9151805988332047
42,0.3137062801494881,0.8701089551590919,0.9368736039435241,0.9232261731327276,0.3354938798817676,0.8591451966204234,0.9294215693654339,0.9151311583413262
43,0.3146335810620829,0.8706211746321135,0.9367116215913828,0.9224026427335897,0.33204679486897537,0.8629133201209972,0.930432384495411,0.9162068397308817
44,0.3123654038095638,0.8706949689629726,0.9374221624359049,0.9230581999776419,0.33126118093732126,0.861648586627725,0.9316723983070979,0.9189202770906046
45,0.3091017880119756,0.8735946520814342,0.9387792141941347,0.9244141579098117,0.3274873648108115,0.8658209033065609,0.9323826083864197,0.9180906849666229
46,0.3056381152278719,0.8753613751790598,0.940024560311393,0.926512527964601,0.32827687253541193,0.8640346302284343,0.9325808333451836,0.9197931213332661
47,0.30473067214615557,0.8748491557060382,0.9403311197747457,0.9269114415412211,0.32290327356246384,0.8648951705434442,0.9343835095967037,0.9221425622537084
48,0.30241330174432735,0.8763771324391196,0.9410529774119447,0.9274983114228339,0.31994407024897836,0.8701887973297173,0.9359294634684506,0.9230356734189126
49,0.299393845694799,0.8778052697833919,0.9422308761337448,0.9291461328814685,0.3203581289378622,0.8674115990403671,0.9353959547078854,0.9224427782851499
50,0.2972940549433591,0.8791682944827885,0.943051945652902,0.9296111045366655,0.3146455606722143,0.8718577240012517,0.9370611647910699,0.9250946180038884
51,0.2954381693093609,0.8801666883708816,0.943686391031748,0.9309011176108429,0.3193655563672864,0.8677766767497653,0.9363254305796975,0.9241755704984551
52,0.29046166133289664,0.882054955072275,0.9454015326215125,0.9331720001759646,0.31544696916638093,0.86992802753729,0.9375653277698672,0.9262281923026616
53,0.2911944650364878,0.8817641185918306,0.9450418337555344,0.9321716137196295,0.313044731272166,0.8722097632210285,0.9384586938119163,0.9272723499356084
54,0.28800250893123097,0.8843295567999305,0.9466264957138419,0.9341335075787063,0.3148594098493008,0.8698237196203192,0.9386724664929448,0.9265978326114551
55,0.2865807247786968,0.8848808438598776,0.9468103264669496,0.9340815775912216,0.31265922771251725,0.8726009179096693,0.9381499816957941,0.9256908126255352
56,0.2840234694466614,0.8858662152189956,0.9478739077309306,0.9356696508836683,0.3124322468152419,0.8711666840513195,0.9383225227204283,0.9257542416237219
57,0.2843472894096962,0.8853105873160568,0.9475336518920798,0.9351537598363742,0.3117599267463211,0.8728616877020966,0.9403033776099243,0.929154440684729
58,0.28102552012296667,0.8862091418153405,0.9486736250585213,0.9370603813535734,0.3054938930794682,0.875899655783874,0.9409749978672202,0.9299152421539326
59,0.2795680142928418,0.8875765073577289,0.9492656414246354,0.9371920714421664,0.30549601998358505,0.8770731198497966,0.9415717348703392,0.9303713243691043
60,0.27756239212381556,0.8901896948387377,0.949934353742533,0.9378534219628066,0.3028720582291271,0.8759648482319808,0.9426641867623516,0.931003386003951
61,0.2759186878965335,0.8890133263879846,0.9504422143210475,0.9388621611631676,0.3066290174384081,0.8769166579743403,0.9407395094436853,0.92831557633764
62,0.27387086282423473,0.8905499848070495,0.9510372262965605,0.9396848490967393,0.3072818496359816,0.8762125795347867,0.941376967756559,0.9295616589733874
63,0.27481211554819385,0.8907496635846681,0.950685001021729,0.9387406983373079,0.303120198243724,0.8772426202148743,0.9424855232780683,0.9316622381685576
64,0.2730364118751182,0.8926075443851196,0.9516071593658942,0.9399374784144263,0.3013464351994558,0.8782205069364765,0.9425529934158062,0.9311057147390839
65,0.26982821618594216,0.8928766766506055,0.9525502784588503,0.9412063358497879,0.2987298775393187,0.8812323980390112,0.9438627366946233,0.9326483007584133
66,0.2689748946435492,0.8938186395798065,0.9526635267695087,0.9412997453076053,0.2994843271634894,0.8804761656409722,0.9436187828409592,0.9320283182193421
67,0.26757451755442585,0.8945609237313886,0.9533429637225461,0.9418024051057867,0.2991585994868479,0.8791592781892146,0.9438841865536703,0.9329962567501967
68,0.2652468819835976,0.8952467769240786,0.9540199013132702,0.9429075522283824,0.2944477256152383,0.8826796703869824,0.9453025534256023,0.9347838896156213
69,0.26583969400523827,0.8948300559968746,0.9536073088693733,0.9422995062921705,0.29286503272048126,0.8833315948680505,0.9461362429113022,0.9361100248341526
70,0.26253052040764446,0.8969093197899032,0.9548878524643396,0.9436363568893351,0.2982928557149484,0.8814410138729529,0.9446693985487131,0.9339902751707675
71,0.26361788424031,0.8966922776403178,0.9542700506956834,0.9426485558132256,0.2970241640150528,0.8814801293418171,0.945336301244637,0.9351171918169476
72,0.261412867555841,0.8968181620870773,0.9552665863705871,0.9444589527009539,0.29581474020643506,0.8809585897569625,0.9457359611439247,0.935350089513497
73,0.25961523682012294,0.8978035334461952,0.9555836278853544,0.9445715495967627,0.2928127596335303,0.88284917075206,0.9464588217678209,0.9363025943292757
74,0.25670670024449405,0.8997525719494726,0.956491950477895,0.9454754340746664,0.29701761200540666,0.8834619797642641,0.9459562642899098,0.9358886866351888
75,0.2585113348672439,0.8991622173026002,0.9559805408734838,0.9447196206172733,0.292192292301103,0.8839052884113904,0.9469366027834079,0.9369927467940304
76,0.2548803226227571,0.899865433867257,0.957239961331393,0.9465400957501983,0.2927860532057376,0.8835532491916136,0.9467172105092725,0.9365829689493168
77,0.2548968679526047,0.9002213829925771,0.9569955548558049,0.946442646987022,0.29132554554598566,0.8847136747679148,0.9479390351043308,0.9380544268474456
78,0.2533137525512707,0.9008030559534662,0.9575676010076355,0.9469764373189822,0.2938444710622133,0.8843616355481381,0.9464248978264949,0.9359119986033283
79,0.2536832579285878,0.90137170638538,0.9573549786905535,0.946540424957579,0.29258717326236566,0.8851960988839053,0.9469656537813403,0.9367390312402368
80,0.25208220745936893,0.9019186526023354,0.9578902451248619,0.9474064899143497,0.2903701018352037,0.887204026285595,0.9475919089484692,0.9373665616865405
81,0.25156232846426446,0.9021400355949125,0.9579469190443373,0.9475700935136853,0.2910658288601356,0.8853264837801189,0.948486219522806,0.9390350598511216
82,0.2503394613180816,0.9028866605894865,0.958452251694675,0.9481571667736944,0.29094474966525785,0.8851439449254198,0.9478737093744899,0.9381204260554993
83,0.2509309755197989,0.9023701002734731,0.958183588919331,0.9472710215456276,0.2864432276862001,0.8873735266506728,0.9499250332407363,0.9404526474123529
84,0.24673289778192523,0.9041541867430655,0.9596293665510912,0.9495954688926888,0.2844986658443484,0.8901376864504016,0.9496621669810356,0.9395640829817481
85,0.24762801443396712,0.9039848938663888,0.9594312519240856,0.949274887273914,0.2916732505873146,0.8853264837801189,0.9481120028345162,0.939253173459512
86,0.24536319559464032,0.9053913269957026,0.9598925741886518,0.9499283090915873,0.28872420107459107,0.8873344111818087,0.9493398332677061,0.9397250569983248
87,0.2481099596530472,0.9040543473542562,0.9591930544537397,0.9487834928416023,0.28680317837962943,0.8875299885261292,0.9502133413514174,0.9415207677916796
88,0.24646001608880821,0.9045318400833442,0.9594568668359065,0.949189282299729,0.2888794094743775,0.8870345259205173,0.94888296354416,0.9395645058674681
89,0.24330736996295754,0.9053348960368104,0.960539398686199,0.9508301956513203,0.2891346904201155,0.887125795347867,0.9492321916073656,0.9403526611411538
90,0.24265738432218606,0.9063419716108868,0.9607560404237796,0.9508215837310461,0.28898248538690424,0.8874387190987796,0.9487664205680197,0.9392757091435509
91,0.24398423442165487,0.9056778226331553,0.9600945033759528,0.9499277172470368,0.2892613079011459,0.887490873057265,0.9487265815697431,0.9388953228593155
92,0.24064961843163146,0.9065503320744889,0.9613260761493301,0.9518388042235488,0.2894823973141809,0.8871518723271097,0.9486929823326413,0.9389302831168949
93,0.24391139989854063,0.9057385944350392,0.9601738244476832,0.9499661119276511,0.2879611928339632,0.8883253363930322,0.9491935358244816,0.9397581335166748
94,0.240628735592585,0.9074445457307809,0.961338574882874,0.9513071816811207,0.28693502260731674,0.8882862209241681,0.9499890669537691,0.9407724195520273
95,0.2389760680047465,0.9078959934019186,0.9619263697193525,0.952267808739751,0.2885802881031548,0.88820798998644,0.9493098676578751,0.9397142445280559
96,0.23929652804435633,0.9081477622954378,0.961525960691612,0.9516840559545282,0.2847039223189795,0.8890033378533431,0.950483129421166,0.9421336744063737
97,0.23988281951346177,0.9071971176802535,0.9613521274254433,0.9513688977685464,0.2849644655615318,0.8894988004589548,0.9507758681294858,0.9417181815826836
98,0.2393565780240825,0.907414159829839,0.9617083781505069,0.9520066964604316,0.28706043271659326,0.8885339522269741,0.9493774411569577,0.9396157998730497
99,0.23906141119724234,0.9077614272691756,0.9615901308514211,0.9516696677367497,0.2846356229562263,0.8903593407739647,0.950923379388501,0.9413250323351307
100,0.2368577617222885,0.908994226678821,0.9623263435887479,0.9527715750866103,0.2854808218240166,0.889146761239178,0.9501932681702798,0.9409742433571237
101,0.23877190129000492,0.9078829708729436,0.9616716697722714,0.9517154948713484,0.29059442996207824,0.8884557212892459,0.9490126221909256,0.9383894962505054
102,0.23859447325202757,0.9075834527065156,0.9618502398465084,0.9520036796714622,0.28258830747229347,0.890659226035256,0.9513371124108696,0.9429480961968532
103,0.2360469824399893,0.908859660546078,0.9626327870927838,0.953133211206506,0.28535537600604316,0.8907244184833629,0.9506623018920708,0.9407581243183556
104,0.23313785390371705,0.9102313669314581,0.9636337930238388,0.9545267668177161,0.28889134733597577,0.8878298737874205,0.9493688533252362,0.9403676315837308
105,0.2362525355962331,0.9087033901983765,0.9625065223205698,0.9529243698601607,0.28508569189663335,0.8891206842599353,0.950623032401203,0.9420677888589343
106,0.23528679060962882,0.9099405304510136,0.9627930975881934,0.9529585058536362,0.2876456436342948,0.8887295295712945,0.9500947365884547,0.9406611119652415
107,0.23635337577269466,0.9089898858358293,0.9624152750008264,0.9528284493425417,0.2836008347074294,0.8921586523417128,0.9514557396141244,0.9424151600326036
108,0.2344619860238808,0.9096279897556105,0.9632142357098925,0.9538248920714664,0.2854170217290964,0.8894075310316053,0.9511818718313017,0.9430788826483826
109,0.23261939540357285,0.9105222034119026,0.9636038404346365,0.9544591356056564,0.2873462395995305,0.8889120684259936,0.9509982378223553,0.9419331915373004
110,0.23241745515452775,0.91076963146243,0.9636210736020407,0.9543863812568075,0.28310909228465647,0.8917153436945864,0.9517050420773698,0.9429737455364593
111,0.2332245845131438,0.9103746147501844,0.9633446132504201,0.9536733937766148,0.28576562871733535,0.8905027641597997,0.9507147043937896,0.9411435286835345
112,0.2310974471691805,0.9111559664886921,0.9640790832062722,0.9549365831701043,0.28442822411210295,0.8897856472306248,0.9517051185783649,0.9439040104146986
113,0.23119414674302752,0.9112731692494682,0.9639037310124934,0.9547131631447429,0.28461344343809936,0.8896683008240326,0.9515553119494885,0.9436900459011022
114,0.2300180516355996,0.9116595042757304,0.9643336367438813,0.9552475445721582,0.2880361494734997,0.8885600292062168,0.950529208520622,0.9417732875235064
115,0.2312104631997844,0.9117593436645397,0.9639240136046696,0.9542969075000195,0.2831039041656889,0.8911677271304892,0.9520383762938079,0.9435891387367132
116,0.2286376950659261,0.9123583799973954,0.9649182673645322,0.9558255203506739,0.28893540698121384,0.8892249921769062,0.9504752933392242,0.9411009407421568
117,0.23030222813218512,0.9120458393019925,0.9641950455754502,0.9547858453278687,0.2843372095012933,0.8908287264003338,0.9520589826018812,0.9439524370770382
118,0.23134523132337217,0.9108564483222642,0.9638368477739963,0.9542368789151756,0.28700749234920925,0.8887947220194012,0.9513842567441837,0.9427087888409237
119,0.22844767295409188,0.9123800842123541,0.964828587172583,0.9559341094238791,0.28516592303741906,0.8914284969229165,0.951778660855097,0.9430646712838662
120,0.2285404259216642,0.9123714025263706,0.9648924712968987,0.9558386045510593,0.2868775625391525,0.8905809950975279,0.951631341018572,0.9426714872473396
121,0.22946063108163642,0.9119633632851499,0.9644604378609101,0.955236781282879,0.28669960142313483,0.8901768019192656,0.9512014812464059,0.9425116988565044
122,0.22983365443352377,0.9124929461301384,0.9642239953068774,0.9546788616001333,0.28497192065895094,0.8905940335871493,0.9522614899163557,0.9430877446647523
123,0.2275641264099211,0.912575422146981,0.9649524322880265,0.9560223220324229,0.2856349046491191,0.8900333785334307,0.9518143929399457,0.94380160521305
124,0.22846633034271566,0.9129791205452099,0.9647390176639334,0.9554764575784089,0.28366776732268395,0.8919109210389069,0.9527645482207818,0.9447497475755169
125,0.22775739913351675,0.9131050049919694,0.9650407958122459,0.9556671844772957,0.2883747506001153,0.8890685303014498,0.9508736959021548,0.9421797565832584
126,0.22911581146653423,0.9119286365412163,0.9643646918322089,0.9553658745545798,0.28737638454759556,0.8903071868154793,0.9510837421347048,0.9421344838320377
127,0.22980090276182394,0.9123714025263706,0.9640829960135414,0.9544858729389281,0.2878204072007947,0.8902159173881298,0.9507835518894459,0.9419575502648135
128,0.22705340236328375,0.9129009853713591,0.9651035454421621,0.9559958579859446,0.2855740707448094,0.8897334932721394,0.9516911994772876,0.943451129577398
129,0.22663727351250673,0.9134262273733559,0.9651300393384161,0.9563919579639342,0.28484627271551555,0.8920282674454991,0.9520996257106188,0.9433115176299933
130,0.2279630747177061,0.9127273516516907,0.9648420930600876,0.9557994340831889,0.284804990959451,0.8915849587983729,0.9524797945163411,0.9445829812010473
131,0.22702323950368838,0.9132742978686461,0.9651803337996145,0.9560390163928498,0.2866206528764454,0.8899681860853239,0.95166598304924,0.943142018588225
132,0.2277387649877807,0.9132612753396709,0.9646747902970256,0.9553798593892778,0.2851923296296635,0.8911155731720037,0.9522703517916422,0.9439995051561219
133,0.22574843153743668,0.9138255849285931,0.9655736399894608,0.9566604248019425,0.28684142754499936,0.8905418796286638,0.9516946127816921,0.9427084456561808
134,0.22580609895700007,0.9143508269305899,0.965303505205372,0.9561535999529831,0.28805924267978755,0.8894466465004693,0.9512283653961493,0.9422589176707056
135,0.22679565667655882,0.9137648131267092,0.9650501136728229,0.9558555840273211,0.286278774122308,0.8911155731720037,0.952048887870556,0.9431602657382788
136,0.2266744139097515,0.9136389286799497,0.9651311144022529,0.9559150784039011,0.2854341226883945,0.8912981120267028,0.9521892185761575,0.9436388687301752
137,0.2263515071284519,0.913439249902331,0.9652372125792931,0.9563943645896444,0.2888392505418699,0.889863878168353,0.9506857557371883,0.9417373080707512
138,0.2259154591396792,0.913634587836958,0.9652798433243035,0.9561380013075549,0.2854548370712577,0.8920413059351204,0.9525815527401423,0.9438702169719534
139,0.2268244323441928,0.9131397317359031,0.9649519361163128,0.9556669961725803,0.28816556507459057,0.8904114947324502,0.9515650850366295,0.9426249592336889
140,0.2252869713811994,0.9145548465512002,0.9655298998488175,0.956316657134246,0.2885547081919573,0.8904375717116929,0.9508360829128367,0.9420223666323466
141,0.22520383806033967,0.9138038807136346,0.9656196661905871,0.956725591439102,0.28421343341539707,0.8915067278606447,0.9527404697875388,0.9446493986918448
142,0.22543280591498793,0.9142162607978469,0.9653783636711754,0.956392691260046,0.28573008310164405,0.8904114947324502,0.952205427267021,0.9441732642020888
143,0.22699170777893637,0.9131136866779529,0.9649646785264707,0.9558463699453748,0.2880330368794079,0.8908678418691979,0.9513480758534962,0.942448338506288
144,0.22434715871834301,0.9138255849285931,0.9659600434155149,0.9575288007155898,0.285067143350221,0.8919239595285282,0.952664107854125,0.9445415857724827
145,0.2256344901077883,0.9140773538221123,0.9655725063995213,0.9564634291748161,0.2845475808278704,0.8920804214039846,0.9525804110052892,0.9442348289363696
146,0.22704687235504098,0.9140122411772367,0.9648854409665524,0.9551315911687042,0.2882527364914318,0.8906331490560133,0.9518214905322804,0.942649247106308
147,0.2265147186899504,0.9131006641489777,0.965067501992813,0.9557785261815747,0.28465646217808654,0.8919500365077709,0.9527452675899549,0.9445250771853807
148,0.22526729440476406,0.9139992186482615,0.9655339184402274,0.9564879479828549,0.28833312935807776,0.8898247626994888,0.9514715134393305,0.9428263483710786
149,0.22445797399226516,0.9144202804184572,0.965869825974291,0.9569859405424392,0.28770960561983205,0.8910634192135183,0.9515236850780457,0.9427447116996872
150,0.22406479041262903,0.9146894126839432,0.9657446298216359,0.9568739420980457,0.2855444927558519,0.8916110357776155,0.9528564010957216,0.9449274167784042
151,0.22532388177934132,0.9143855536745236,0.9654316498224453,0.9563202870747024,0.2870154969757138,0.8916631897361009,0.9519874133708169,0.9425935582260311
152,0.2239686203221819,0.9147241394278769,0.9658226432325512,0.9566706765665469,0.2863595351394951,0.8916501512464796,0.9521265258405701,0.9434192177566454
153,0.22372208876308014,0.9144463254764075,0.966107532699684,0.9572380432057301,0.28556716413508865,0.8914024199436738,0.9524099905882424,0.9443801878615268
154,0.2207336164764808,0.9159786430524808,0.967063489434905,0.9585222008771406,0.2872002483707431,0.8906983415041202,0.9518667794614568,0.9435205299752742
155,0.22347758068334944,0.9147154577418934,0.9660803216042897,0.9572128874698206,0.2866620333249196,0.8909982267654115,0.9524516795505857,0.9439555175712079
156,0.22344765595449115,0.9143768719885402,0.966139865940817,0.9573804247410491,0.28625193678749555,0.8908026494210911,0.9521735181919068,0.9437873681990803
157,0.22509831778057313,0.9139644919043278,0.9654099341509927,0.9563391469044937,0.28554497719979877,0.8919369980181496,0.9526106360384952,0.9443067085290104
158,0.22489241409910818,0.9142075791118636,0.965599332647161,0.9563650472959622,0.2878406991659693,0.8905549181182851,0.9515823844616824,0.9429435541018628
159,0.22659156340771772,0.9133177062985631,0.9652014660566438,0.9559426302045854,0.28531234434974745,0.8911025346823824,0.9527318159949592,0.9447280420158968
160,0.22378569222673306,0.9148326605026696,0.9660062280102089,0.9569605881955613,0.2880496844685064,0.8899942630645666,0.9512846684286114,0.942921773030015
161,0.22389482433192975,0.914498415592308,0.9659127949496775,0.9569249653241814,0.28467120988234446,0.8920673829143632,0.9526350371359358,0.944603521108221
162,0.2226418113114183,0.9144159395754655,0.9665043091897161,0.9578962973715858,0.28468191411058263,0.8923803066652759,0.9525636236268975,0.9445940700546148
163,0.22415131012984188,0.9141685115249382,0.965887922448821,0.9568753955916449,0.28817783460087854,0.8908287264003338,0.951709770178879,0.9428187391794473
164,0.22470491504655735,0.9143768719885402,0.9656059733059656,0.9564779469910505,0.286821578613869,0.8906461875456347,0.9522148450495393,0.9443053828830663
165,0.2257754582532522,0.9138386074575683,0.9652440566285534,0.9559228244120747,0.28646226806885333,0.890763533952227,0.9521675500942661,0.9437250570564295
166,0.2241917586384297,0.914125103095021,0.9660097775260214,0.9569818936258235,0.2868160584758292,0.8918457285908,0.9523961109276777,0.9442100636329351
167,0.2248572003773094,0.9139558102183444,0.9656039272665705,0.9566303109789269,0.28664368460670037,0.8917283821842078,0.9522186459589864,0.9436356005026344
168,0.22405026157735852,0.914112080566046,0.9658317179441156,0.956996517165198,0.2886775018208415,0.8903854177532075,0.9515275451482625,0.9424616204955063
169,0.22486209824960068,0.9138299257715848,0.965649757049121,0.9566532532899882,0.2864832730888636,0.8906070720767706,0.9525607781298796,0.9443668660899462
170,0.2233487664543258,0.915184268784998,0.9660781739638814,0.9571003030336552,0.2895652491475365,0.8901507249400229,0.9511033671900126,0.9422650074454212
171,0.2235853138452562,0.9146980943699267,0.9661407110833697,0.9570557008934825,0.28684896152982176,0.8909982267654115,0.9521268784251571,0.9435641427946536
172,0.22317689256069484,0.914841342188653,0.9662630332011327,0.9573227540525788,0.2872486780399051,0.8907113799937415,0.95202325493709,0.9436781158620997
173,0.223586141183832,0.9147241394278769,0.9660552979832318,0.9568931543118726,0.2869713585487655,0.8915067278606447,0.95192104790745,0.943167964093718
174,0.2231037069281372,0.9146980943699267,0.9663208657339426,0.9577188806302772,0.2862107728915803,0.8911416501512465,0.9524803113230644,0.9444499844856685
175,0.22255185257929525,0.9154577418934757,0.9663836379376743,0.957371402610591,0.2850666565033123,0.8921716908313341,0.9527244783595018,0.9447290969518227
176,0.22562668978916967,0.9140599904501454,0.9653285080615346,0.955790214102922,0.2867073123846982,0.8914545739021592,0.9521678829585964,0.9439653028052909
177,0.22521574097555866,0.9138125623996181,0.9654004630598076,0.9560912359639224,0.2866310508591646,0.8912589965578387,0.9522833052801578,0.9437867915389316
178,0.22451967920994972,0.9140339453921952,0.9657229863939304,0.9566087834653132,0.285106685035505,0.8913241890059456,0.9530079709875368,0.9448598521325537
179,0.22467261961300547,0.9144550071623909,0.9656001938438797,0.9563888246431157,0.2899724442157803,0.8901376864504016,0.951022596419243,0.9417189485171966
180,0.2222124134932261,0.9152276772149152,0.9664804264696499,0.9578022643177326,0.2867162512690901,0.8909982267654115,0.9520198474127605,0.9435238357674515
181,0.2229466762774861,0.9151017927681556,0.9661937603037901,0.9576295437785468,0.2883801253169971,0.8905158026494211,0.9514904350254864,0.9428909712649299
182,0.22404797487479974,0.9143508269305899,0.9658107690286775,0.9568325549021744,0.28794630230735213,0.8916240742672369,0.9518515207429518,0.9427915323067418
183,0.2239881975540463,0.9148239788166862,0.9659424325229786,0.9568169037164753,0.2869807109788497,0.8911546886408679,0.9520651785024854,0.943756881898283
184,0.2223860765535053,0.9156617615140861,0.966504859666719,0.9574731866205697,0.2876727686965877,0.890333263794722,0.9516682236783891,0.9433852204778382
185,0.2226433414351212,0.9148152971307028,0.9663680724815598,0.9578020106713556,0.2880976264700845,0.8913502659851883,0.9520260552135195,0.9427060902137372
186,0.2219954849215759,0.9152580631158571,0.9665584685971722,0.9577722523173262,0.28715207773340723,0.8906331490560133,0.9521818183798864,0.9439590456160174
187,0.22203669835022868,0.9156878065720363,0.9665670765319749,0.9573520429360182,0.2891133534680744,0.8904897256701784,0.9513559438958539,0.9420176415726428
188,0.2233834311907483,0.9145765507661587,0.9661606796017908,0.9573793374034281,0.28736350891226287,0.8913111505163241,0.9519184376934933,0.9434820130190166
189,0.22399092763862857,0.9146025958241091,0.9657537532986717,0.9565118322020938,0.288963320824281,0.8901376864504016,0.9514524194709315,0.9428899832006273
190,0.22390100904798407,0.9142770325997309,0.9658147332017408,0.9569011016482795,0.2856411166567617,0.8917283821842078,0.9527370911635855,0.9446983738876633
191,0.22289614998880825,0.9150019533793463,0.966130753957961,0.9568730661523532,0.28749015175340026,0.8914806508814019,0.9520527323005692,0.9434338223018459
192,0.2231905510037259,0.9149151365195121,0.9661501794611747,0.9570078119602148,0.2869373983936214,0.8914936893710232,0.9523167086747117,0.9435437333911852
193,0.22303511190317143,0.9144333029474324,0.9663018012987213,0.9577249117949762,0.2853605481373875,0.891806613121936,0.9529918228174609,0.9445854544907135
194,0.2227127409733723,0.9151755870990146,0.9662298201464781,0.957524363256846,0.28799858352023094,0.8904766871805571,0.9516236586186296,0.9432997670416653
195,0.22344613477355485,0.9149715674784044,0.9660486894327591,0.9569881930679676,0.28768855731542237,0.8903854177532075,0.9519146602443513,0.9432672791391193
196,0.22278239185424473,0.9157616009028954,0.9663300474732808,0.9572590559288358,0.2865724838369393,0.8913241890059456,0.9525031303799238,0.9436321996965009
197,0.22452725196105147,0.914663367625993,0.9656894273456177,0.9563123586098318,0.2868578130029794,0.8918978825492855,0.9522182821542537,0.9435325078573559
198,0.22227222122807944,0.9151625645700395,0.9665481642344728,0.9578408819947704,0.28741247897428157,0.8913372274955669,0.9519463302963558,0.943207736245169
199,0.22331951647892115,0.9149411815774623,0.9661267051048247,0.9568051466585114,0.28534611899810225,0.8924454991133827,0.9528658124181562,0.9447316617296669
200,0.22271958267804665,0.9146025958241091,0.9663897577028572,0.9576390856366499,0.2886647579815933,0.8903854177532075,0.951686328913925,0.9433966354505342
201,0.22297415298780032,0.914902113990537,0.9660771624006781,0.9570637626808005,0.28679436721903223,0.8915719203087514,0.9521271116681912,0.944060606530906
202,0.2231884218352316,0.9150844293961887,0.9659594305684537,0.9569948963106043,0.2871547294406606,0.8910634192135183,0.9521711208207186,0.9436264843735328
203,0.22238845230571905,0.9154316968355255,0.9663604456221193,0.9574248077037991,0.2866803107873931,0.8915458433295087,0.9524049602228009,0.9435755067473803
204,0.22314112309330728,0.9152493814298737,0.9660209533359869,0.9568618742270838,0.28729914405913676,0.891519766350266,0.9521525871796093,0.9433724373994977
205,0.2232827094275799,0.9149932716933629,0.9660038671056561,0.9568992486325304,0.2872938083398699,0.8905940335871493,0.9518169501132128,0.9435813293671821
206,0.22334545772525438,0.9148456830316447,0.9660752092568684,0.9570399719431404,0.28717039709072784,0.8917414206738291,0.9521297837629534,0.9432201770948658
207,0.222260174385897,0.9158223727047793,0.9662994908555027,0.9571866964278434,0.28434906113914943,0.8930191926567227,0.9532492527464386,0.945147331070217
208,0.22515772220424704,0.9138993792594522,0.9653975092063152,0.9562185539886681,0.2878495940354366,0.8906070720767706,0.9519624121655694,0.9437439304922246
209,0.22426957803948833,0.9142987368146894,0.9657201761988436,0.9566360611418832,0.2881116521573606,0.8903463022843434,0.9519502604074838,0.9434758713178703
210,0.22252118469329893,0.9150887702391804,0.9661993926403736,0.9575499297392486,0.2865895137021399,0.8914806508814019,0.9523846109580717,0.9441171925097663
211,0.22359704062288957,0.9151495420410644,0.966020295868896,0.956601384856745,0.2870391588819354,0.8907765724418484,0.9522410141699809,0.9440435980733819
212,0.22265567280701085,0.9152971307027825,0.9662461942652563,0.957467507325643,0.2873169276057039,0.8911546886408679,0.9520996457708796,0.9441645602654275
213,0.22458956729296145,0.9145808916091505,0.9656417821986729,0.9562428906574819,0.28790905823284313,0.8914284969229165,0.9520301883072882,0.9429012848560456
214,0.22268027476191796,0.9150974519251639,0.9662803217290297,0.9575210069391318,0.285466156955107,0.8925889224992177,0.9529342403483544,0.9446108642222985
215,0.2229155117044868,0.9146069366671008,0.966207462119955,0.9573250878177414,0.2862255819288747,0.8923672681756545,0.9526064247437093,0.9442849803201592
216,0.22271572899235234,0.9151061336111472,0.9662605413383009,0.9572193928443877,0.28773180506420143,0.8909851882757901,0.9519482292210595,0.9435055241679964
217,0.22321392611822444,0.915110474454139,0.96601641814714,0.9570068298342639,0.2878427701926746,0.8911807656201106,0.9520690521728791,0.9433604006767855
218,0.22290868195178956,0.9146199591960759,0.9662343777960829,0.9574757031485956,0.28823948247820413,0.8912589965578387,0.9516804767577927,0.9428083175614145
219,0.22255684872253564,0.9152493814298737,0.9662934598781491,0.9575040387100181,0.2889958468961482,0.8899812245749452,0.9515576334996902,0.9432896432316507
220,0.2223990088656746,0.9148370013456614,0.9663939253417477,0.9577960911198227,0.28484986117687666,0.8921195368728486,0.9530214701831516,0.9453400485476654
221,0.2221435690513992,0.9155966488692104,0.9663929876427824,0.9574855155683553,0.2859331737025209,0.8913111505163241,0.9527156236243082,0.944438286538688
222,0.22247250854151424,0.9152841081738073,0.9664058610489054,0.9573566746098607,0.2881083521291363,0.8908548033795766,0.9519010270869938,0.9430753119000742
223,0.2232686567060462,0.9148500238746364,0.9661740375723901,0.9571657391063981,0.28865525944023795,0.8905158026494211,0.9514612949463951,0.9426938271669889
224,0.22445502669018902,0.9143204410296479,0.9656466737824685,0.9564783114553465,0.2876914082509056,0.8909982267654115,0.9519273141889698,0.943397097655903
225,0.22357359571905452,0.9153144940747493,0.9658532245722375,0.9566690269294523,0.2874406053162695,0.8914676123917805,0.9520049582790637,0.9430895178920236
226,0.22159071436833708,0.9154881277944177,0.9666499118078898,0.9579603203433766,0.28984522677766056,0.8904506102013143,0.9511767799250597,0.9419578808753126
227,0.2238879616162106,0.9147067760559101,0.9658849056599828,0.9568808022173875,0.2901786133154249,0.8898508396787316,0.951051905480533,0.9424137629639101
228,0.2228401578790421,0.9154403785215088,0.9661013959005034,0.9570189545507596,0.285524925633393,0.8923933451548972,0.952909810690542,0.9445562215350896
229,0.22256087647283554,0.9148283196596779,0.9664606335672234,0.9578670381181373,0.2856357346750393,0.8921195368728486,0.9525355834621152,0.944114379084353
230,0.22347399732918252,0.9148022746017277,0.9659353998561107,0.9567453222894556,0.28637716110399,0.8915588818191301,0.9524427683746577,0.9439033349487291
231,0.22436626812024069,0.9147067760559101,0.9655992712569345,0.9562600576743331,0.2863055852328175,0.8915328048398874,0.9525749899747658,0.9446236194639349
232,0.22243374054496703,0.9153231757607327,0.9663552322012864,0.9573112795171784,0.2881027340105605,0.8911155731720037,0.9518001120741622,0.9428900732252956
233,0.222493868286801,0.9155185136953596,0.9663268335498356,0.9570208898242804,0.2876399328105079,0.8920413059351204,0.9518702991872457,0.9429827341231642
234,0.22265012496168293,0.9154316968355255,0.9662458814728195,0.957223924603863,0.28614837852623065,0.8921977678105768,0.9526228704176558,0.9442641759461898
235,0.22280848069044432,0.9152580631158571,0.966197937326454,0.9570318420327955,0.28911086633728406,0.8913111505163241,0.9515031824713218,0.9418011461013851
236,0.22181412854371407,0.9154360376785172,0.9666822057050102,0.957655675781939,0.290000750117771,0.8897595702513821,0.9510052337533674,0.9419714003569306
237,0.22301283400508531,0.914797933758736,0.9662214337290178,0.9573981001316014,0.28742868457072296,0.8905549181182851,0.9522235692230346,0.9438476334085334
238,0.22302549728741997,0.9149802491643877,0.9660621416556336,0.9570903225502202,0.28851990549559636,0.8912459580682174,0.9517418594563374,0.9428253673868847
239,0.22441867080877684,0.9144593480053826,0.9655536681546864,0.9560904779668873,0.2847590095167229,0.8918196516115573,0.9530230311434587,0.9452349805891582
240,0.22260170586653952,0.9151408603550809,0.9663246974036073,0.957474991676259,0.28655886356631893,0.8917805361426933,0.9522712592634478,0.9435933017658504
241,0.222228681509469,0.9158657811346964,0.9663617266013624,0.9572663377412348,0.2887133846407801,0.8903593407739647,0.9515558117559908,0.9429598342053862
242,0.22207320288930413,0.9153014715457742,0.9664095173663765,0.9575400079279958,0.2863220295369395,0.8915588818191301,0.9524156472418315,0.9445613064562722
243,0.22295488618327527,0.9152841081738073,0.9661030826808262,0.9572770397171648,0.2863862574803042,0.8915067278606447,0.9524565055733688,0.9436944187075904
244,0.22338771771555657,0.9145027564352998,0.9660510497343384,0.957200995480319,0.2868802480184337,0.8911546886408679,0.9521592451462246,0.9440820163338872
245,0.22330268639814846,0.9143681903025568,0.9662278037281501,0.957383606121892,0.2915878413466377,0.8897465317617608,0.9504880115446788,0.941550009096022
246,0.2240567933629773,0.9147371619568521,0.965688817852596,0.9564707640325539,0.2878437533802119,0.8902811098362365,0.9519974023607665,0.9442057757154181
247,0.22307837587571958,0.9152797673308156,0.9661998827446675,0.9571129121469666,0.2891412223232194,0.8911416501512465,0.9512564586016217,0.941996505492491
248,0.2243630802502787,0.9146286408820593,0.9658408347507588,0.9563143489053166,0.2873734523186386,0.8920282674454991,0.9520996070103755,0.9432302993010737
249,0.22338063192304422,0.9145939141381256,0.9661141896764556,0.9573721479017281,0.28752900833965184,0.8914806508814019,0.9520213441122316,0.9434012872810632
250,0.22344726868070505,0.914767547857794,0.9661104423100054,0.9570997927563308,0.28377914336074117,0.8921847293209555,0.9535253288579904,0.9460870232172791
251,0.22384946579609644,0.91452880149325,0.9659141425574783,0.9568160499546828,0.28811823412786874,0.8906983415041202,0.9516779267246187,0.9433202006186834
252,0.2248550382425591,0.9136562920519165,0.965462640354936,0.9564228327291243,0.2894054920964088,0.8907113799937415,0.951525413320529,0.9426343316343203
253,0.2236437278538108,0.9148066154447194,0.9661166109537171,0.9569140230631309,0.2884415040159668,0.8904114947324502,0.9519494508569522,0.943364718665675
254,0.2218543281526508,0.9154794461084342,0.9665863770689574,0.9578418404582963,0.2851990423175656,0.8920413059351204,0.9531130741748535,0.9449903391706534
255,0.2232998840292538,0.9148370013456614,0.9661602520559842,0.9573505441041917,0.2871621415054784,0.8919369980181496,0.9522324885590686,0.943952355042686
256,0.22260218880763044,0.9147371619568521,0.9663023989207048,0.9573680601302558,0.28552387780214084,0.891376342964431,0.952807954545467,0.944802492601085
257,0.22216554673387548,0.9150019533793463,0.9665211783873187,0.9578206538595476,0.28616317719006623,0.8919239595285282,0.9525548409726415,0.9439609116858801
258,0.22264743838768927,0.9149368407344707,0.9663335439651222,0.9574762298346261,0.2879661946907473,0.8903071868154793,0.9519236683215399,0.9436914944094035
259,0.2223329892479132,0.9147111168989017,0.9664146269627318,0.9577239683899683,0.28742965220584354,0.890763533952227,0.9520249467991,0.9440047560659215
260,0.22343631643188566,0.9147241394278769,0.9660731282827038,0.9568321192469159,0.28596355266114454,0.8925889224992177,0.9526020431067074,0.9441316844329577
261,0.2212826372908341,0.9156617615140861,0.966760179809599,0.9582032014739468,0.29021652178867796,0.8895118389485762,0.9512023628778754,0.9422731724585046
262,0.22388517021817217,0.9144680296913661,0.9659372299933524,0.9567611139425086,0.28632209229372313,0.8911416501512465,0.9525642359748637,0.9445121000799209
263,0.2250192139040768,0.9131787993228285,0.9656166256596724,0.9566403221311163,0.28669289306242923,0.8914676123917805,0.952377190361535,0.9436831129564264
264,0.22265073347874087,0.9145114381212831,0.9665038420360961,0.9578591902239285,0.2873506031357684,0.8910764577031397,0.9520102518079285,0.9437784005257538
265,0.22523646726476632,0.9139210834744107,0.9654646067264745,0.9560166062150454,0.28685938472032574,0.8909721497861688,0.952440629066827,0.9444350463349649
266,0.22291358102137426,0.9155098320093762,0.9661645461685396,0.9570386915209123,0.2886264991017916,0.8909591112965474,0.9517080942970769,0.9429639740907867
267,0.22235556247230515,0.9154360376785172,0.9664749973727791,0.9575567698655826,0.2853222600583353,0.8914545739021592,0.9529220277294769,0.9451149281812568
268,0.2228529696244718,0.9153752658766332,0.9662444035850846,0.9570452775876109,0.28866817881071966,0.8909982267654115,0.9516242424062242,0.9424524810372233
269,0.22229407209098176,0.9153579025046664,0.96643287983348,0.9577212751557191,0.285647128755387,0.8915067278606447,0.9527612977784958,0.944522511685205
270,0.22276318836125222,0.9148760689325867,0.966222966638073,0.9574427797813613,0.28628903491238156,0.8926280379680818,0.9524966288153431,0.9437588714949801
271,0.2231444264745973,0.9152580631158571,0.9661183682819243,0.957103847636398,0.28609703214322485,0.8919761134870137,0.9526415472006273,0.9446452953040779
272,0.22283099108506715,0.914841342188653,0.9662827066394598,0.9575486377542376,0.2875589920561269,0.8912198810889747,0.952039414327312,0.9433591284798043
273,0.22244619529371062,0.9155532404392933,0.9662690685123576,0.9570485464085017,0.28543847669360906,0.892275998748305,0.952938773627329,0.9448119583507426
274,0.22358395210072912,0.9147632070148023,0.9660348540203068,0.9568780895589404,0.2879712856871574,0.8911546886408679,0.9520639079059559,0.943270284606072
275,0.22259296721267366,0.9147371619568521,0.9664321256268491,0.9575621858209626,0.29094365492495755,0.8894075310316053,0.950800554830642,0.9421733692448464
276,0.22206542495302262,0.915692147415028,0.9664989057568995,0.9576100847948849,0.29207267564268424,0.8897856472306248,0.950183424362219,0.9406117056374957
277,0.22236018650605352,0.9156400572991275,0.9663633942372806,0.9572451440030841,0.2871066498765113,0.8921456138520913,0.9524003810432291,0.9431187675933127
278,0.22305483405372825,0.9151278378261058,0.9660447173079845,0.9569846795890565,0.28407167384283033,0.8916501512464796,0.9534088090021509,0.9459424258402097
279,0.22393793782674745,0.9142249424838303,0.9659734010092557,0.9569712361310463,0.2894136949252993,0.890007301554188,0.9512747338393694,0.9428876521745796
280,0.22179760379864638,0.9153926292486001,0.9665441989685202,0.957816041490331,0.28955311767187286,0.8902028788985084,0.9513454595194595,0.9424444652815436
281,0.22409973689063678,0.9141468073099795,0.9657997708320558,0.9566760205442254,0.2894799578571588,0.8898769166579743,0.9513365252232309,0.9428485243579302
282,0.22298074979932583,0.9154794461084342,0.9660279493722227,0.9568111615380122,0.2904945572412112,0.8899681860853239,0.9510056920793298,0.9420707597778466
283,0.22152415861627855,0.915857099448713,0.9666756002070904,0.9578533411374252,0.28626267493697516,0.8918587670804214,0.9525766468163199,0.9440578185009538
284,0.2223028709300924,0.915171246256023,0.9663572782783674,0.9574701978807219,0.2876222810631339,0.8905809950975279,0.9520553078340751,0.9435217207718859
285,0.22265118490015978,0.9147849112297608,0.9662520177443985,0.9573084869999882,0.2864439334948468,0.8917153436945864,0.9525181021346958,0.9441613758924362
286,0.22367413599737332,0.9142206016408386,0.9659899409080254,0.9570985000790969,0.28811739280212156,0.8906331490560133,0.9518654231838126,0.9429543598937119
287,0.2225430661188147,0.9151234969831141,0.9663396262705843,0.9576018694537493,0.28695467522610113,0.891806613121936,0.9521896459617175,0.9435696606679672
288,0.22344057912466794,0.9151408603550809,0.9660203866917605,0.9567665439238622,0.2894800115274515,0.8900985709815376,0.9513854617198594,0.9425311799304056
289,0.22252348877854058,0.9155792854972435,0.9663165778772359,0.9571818338000236,0.2874088978772369,0.8906331490560133,0.9522277910579576,0.9437421163929569
290,0.22448686295568454,0.913708382167817,0.9656857270864622,0.9566861292471569,0.28930457730455916,0.8894727234797121,0.9514293103902991,0.9427500051871751
291,0.22243739296310855,0.9152841081738073,0.9663233252623276,0.9573279102545971,0.2882303327455677,0.8911416501512465,0.9518028548898441,0.9430675469319474
292,0.22350029485033282,0.9148066154447194,0.9659777922382098,0.9569409922583694,0.28763633324205407,0.8915849587983729,0.9519929299425837,0.9429687230965746
293,0.22236106381180562,0.9152493814298737,0.9663639315619268,0.9573179298320912,0.2879192169856339,0.8907113799937415,0.9519430744139991,0.9439793984859763
294,0.22165328915859048,0.9156357164561357,0.9665639060602986,0.9578885116629126,0.2912673481167003,0.8893814540523626,0.9505545225299388,0.9415911282876576
295,0.22247730203465454,0.9155141728523679,0.9664836223415797,0.9574810209340773,0.2873738124893569,0.891519766350266,0.952051152640019,0.9432409405701967
296,0.22275307849007525,0.9150410209662716,0.9663315525325034,0.9574580516508119,0.28586209660291645,0.8911286116616252,0.9526402800041419,0.944555925323714
297,0.2240049311971325,0.9142770325997309,0.9658628499115481,0.9568080529912678,0.28506998431014857,0.8921716908313341,0.952976291075404,0.9448741884324021
298,0.22251061872239689,0.9153014715457742,0.9663218717196422,0.957257178235924,0.2867803808433415,0.8916240742672369,0.9522466160828578,0.943722526985039
299,0.22289763866532938,0.9148196379736945,0.9661166466422035,0.957094511846534,0.29174157399833794,0.8895639929070617,0.9504628899778653,0.940950786754507
300,0.22170585955204056,0.9157008291010115,0.9665958143936335,0.9576766738338909,0.28713584491479655,0.890763533952227,0.9523399387969189,0.9439097735794036
